,full_word,pt1,rest
0,Koszovóra,Koszovó,ra
1,tervezi,tervez,i
2,partvidékén,partvidék,én
3,láthattunk,lát,hattunk
4,végrehajtását,végrehajtás,át
5,kényszerült,kényszerül,t
6,közösen,közös,en
7,életemben,élet,emben
8,hágókat,hágó,kat
9,beszámolói,beszámoló,i
10,újságokban,újság,okban
11,Németországból,Németország,ból
12,kancellárénál,kancellár,énál
13,alaposan,alapos,an
14,akivel,aki,vel
15,invitálta,invitál,ta
16,zöme,zöm,e
17,választók,választó,k
18,tervezze,tervez,ze
19,gyűjthetnek,gyűjt,hetnek
20,személyesen,személyes,en
21,túlzottaknak,túlzott,aknak
22,létszáma,létszám,a
23,lakásban,lakás,ban
24,megteremtését,megteremtés,ét
25,országhatárokon,országhatár,okon
26,amin,ami,n
27,negyedében,negyed,ében
28,szabja,szab,ja
29,törést,törés,t
30,egyidejűleg,egyidejű,leg
31,nyugdíjasok,nyugdíjas,ok
32,fékberendezéseket,fékberendezés,eket
33,emberrel,ember,rel
34,privatizációjáról,privatizáció,járól
35,eldönteni,eldönt,eni
36,tervét,terv,ét
37,kapcsolatba,kapcsolat,ba
38,kommunikáljanak,kommunikál,janak
39,énekelt,énekel,t
40,tanulnia,tanul,nia
41,csinált,csinál,t
42,egyetemen,egyetem,en
43,ássuk,ás,suk
44,transzportban,transzport,ban
45,munkaigényesnek,munkaigényes,nek
46,eddiginél,eddigi,nél
47,túlságosan,túlságos,an
48,plakátot,plakát,ot
49,látogatásának,látogatás,ának
50,tisztességtelenekre,tisztességtelen,ekre
51,felfogással,felfogás,sal
52,aukcióban,aukció,ban
53,oldalát,oldal,át
54,részére,rész,ére
55,tanulságosak,tanulságos,ak
56,vannak,van,nak
57,tagja,tag,ja
58,kiállításán,kiállítás,án
59,játékában,játék,ában
60,követelményeket,követelmény,eket
61,fenyegette,fenyeget,te
62,álláspontja,álláspont,ja
63,hamisnak,hamis,nak
64,csütörtökre,csütörtök,re
65,részt,rész,t
66,halálának,halál,ának
67,felelőssége,felelősség,e
68,újságok,újság,ok
69,alakítottak,alakít,ottak
70,áldozatot,áldozat,ot
71,békefenntartók,békefenntartó,k
72,befolyásuk,befolyás,uk
73,Audit,Audi,t
74,megbeszéléseken,megbeszélés,eken
75,mondatok,mondat,ok
76,euróért,euró,ért
77,villamosmérnököket,villamosmérnök,öket
78,terhességük,terhesség,ük
79,feloszlatását,feloszlatás,át
80,koncertdarabjaim,koncertdarab,jaim
81,tarthat,tart,hat
82,tulajdonukban,tulajdon,ukban
83,szabaddá,szabad,dá
84,rázott,ráz,ott
85,AIDS-esek,AIDS-es,ek
86,kiépítését,kiépítés,ét
87,biztosan,biztos,an
88,közölték,közöl,ték
89,szinten,szint,en
90,írt,ír,t
91,hajtott,hajt,ott
92,hitelképtelensége,hitelképtelenség,e
93,életéért,élet,éért
94,találhatók,található,k
95,piacokért,piac,okért
96,hajlandósággal,hajlandóság,gal
97,köztársaságba,köztársaság,ba
98,domborzata,domborzat,a
99,közgyűlést,közgyűlés,t
100,korszerűséggel,korszerűség,gel
101,bizonyultak,bizonyul,tak
102,nyújtanunk,nyújt,anunk
103,ezekből,ez,ekből
104,kezdeményezheti,kezdeményez,heti
105,úthálózatot,úthálózat,ot
106,székhelyen,székhely,en
107,osztályhoz,osztály,hoz
108,hatalomba,hatalom,ba
109,megteremtéséhez,megteremtés,éhez
110,hírek,hír,ek
111,hálásak,hálás,ak
112,bizonyult,bizonyul,t
113,eltérése,eltérés,e
114,szembeszállni,szembeszáll,ni
115,kerámiatárgyak,kerámiatárgy,ak
116,Magyarországra,Magyarország,ra
117,részvételét,részvétel,ét
118,megállítani,megállít,ani
119,ápolása,ápolás,a
120,Dosztojevszkij-rendezéséhez,Dosztojevszkij-rendezés,éhez
121,fűtőolaj-szállítmányból,fűtőolaj-szállítmány,ból
122,hajléktalanról,hajléktalan,ról
123,hírszerzésnek,hírszerzés,nek
124,pusztította,pusztít,otta
125,torzultak,torzul,tak
126,diákokat,diák,okat
127,évadban,évad,ban
128,Operaházban,Operaház,ban
129,pártállásból,pártállás,ból
130,gyakorlatilag,gyakorlati,lag
131,helyeztetik,helyeztet,ik
132,kölcsönt,kölcsön,t
133,tökéletesen,tökéletes,en
134,érdekében,érdek,ében
135,helyezte,helyez,te
136,szállásolják,szállásol,ják
137,tárgyalni,tárgyal,ni
138,EU-tagállamok,EU-tagállam,ok
139,kérdésében,kérdés,ében
140,előadójának,előadó,jának
141,segélyakciókhoz,segélyakció,khoz
142,ajánlani,ajánl,ani
143,stagnáltak,stagnál,tak
144,dédelgette,dédelget,te
145,svédé,svéd,é
146,váltott,vált,ott
147,ingadozásai,ingadozás,ai
148,hangosan,hangos,an
149,kétségbe,kétség,be
150,névértékénél,névérték,énél
151,igazolások,igazolás,ok
152,választásokat,választás,okat
153,tanácsadásban,tanácsadás,ban
154,cikke,cikk,e
155,muníciót,muníció,t
156,indoklásában,indoklás,ában
157,újdonságot,újdonság,ot
158,vörösváriak,vörösvári,ak
159,születésének,születés,ének
160,ajánlott,ajánl,ott
161,mondani,mond,ani
162,mást,más,t
163,mentették,ment,ették
164,szlovákok,szlovák,ok
165,elszállítását,elszállítás,át
166,közönséget,közönség,et
167,letartóztatásban,letartóztatás,ban
168,üzenetnek,üzenet,nek
169,másnak,más,nak
170,eredménye,eredmény,e
171,biztosításból,biztosítás,ból
172,Ecevit,Ecevi,t
173,maradáshoz,maradás,hoz
174,szerették,szeret,ték
175,minősítette,minősít,ette
176,utazást,utazás,t
177,Brókerhez,Bróker,hez
178,említést,említés,t
179,kerülök,kerül,ök
180,elemzők,elemző,k
181,helyére,hely,ére
182,élte,él,te
183,szépnek,szép,nek
184,megosztottságát,megosztottság,át
185,küzdenie,küzd,enie
186,finanszírozásban,finanszírozás,ban
187,kerülhetnek,kerül,hetnek
188,fennakadást,fennakadás,t
189,energiahordozók,energiahordozó,k
190,rangok,rang,ok
191,újabbakkal,új,abbakkal
192,szemükre,szem,ükre
193,alakításával,alakítás,ával
194,szólaltathatok,szólaltat,hatok
195,átlagemberek,átlagember,ek
196,közállapotokba,közállapot,okba
197,Ivanovval,Ivanov,val
198,segíteni,segít,eni
199,pillanatban,pillanat,ban
200,dobtak,dob,tak
201,légkörben,légkör,ben
202,időről,idő,ről
203,gazdaságba,gazdaság,ba
204,sorsot,sors,ot
205,tisztességesek,tisztességes,ek
206,esélyét,esély,ét
207,szervezték,szervez,ték
208,igazolást,igazolás,t
209,életem,élet,em
210,előzménye,előzmény,e
211,évében,év,ében
212,kerülni,kerül,ni
213,halálesetekre,haláleset,ekre
214,jelöltje,jelölt,je
215,készült,készül,t
216,nyáron,nyár,on
217,műfajból,műfaj,ból
218,nyomai,nyom,ai
219,konjunktúra-időszaknál,konjunktúra-időszak,nál
220,tartókat,tartó,kat
221,énekelni,énekel,ni
222,beszédhez,beszéd,hez
223,holttestre,holttest,re
224,amit,ami,t
225,szoborról,szobor,ról
226,gyűjteményének,gyűjtemény,ének
227,beruházások,beruházás,ok
228,alelnöke,alelnök,e
229,csütörtökön,csütörtök,ön
230,könyvek,könyv,ek
231,képviselik,képvisel,ik
232,században,század,ban
233,módszereket,módszer,eket
234,számíthattak,számít,hattak
235,foglaltakat,foglalt,akat
236,bélátfúródása,bélátfúródás,a
237,hadállását,hadállás,át
238,láttatja,lát,tatja
239,tudják,tud,ják
240,akarja,akar,ja
241,évek,év,ek
242,állásajánlataik,állásajánlat,aik
243,adót,adó,t
244,diákoknak,diák,oknak
245,polgárok,polgár,ok
246,Albatroszt,Albatrosz,t
247,gépkocsivezetőről,gépkocsivezető,ről
248,megszavazni,megszavaz,ni
249,nőt,nő,t
250,fogja,fog,ja
251,leépítését,leépítés,ét
252,közölte,közöl,te
253,lokomotívként,lokomotív,ként
254,tucatot,tucat,ot
255,üldögélnek,üldögél,nek
256,tiszteletben,tisztelet,ben
257,kérdést,kérdés,t
258,cáfolta,cáfol,ta
259,bővülése,bővülés,e
260,ezek,ez,ek
261,csináltam,csinál,tam
262,vezérigazgatója,vezérigazgató,ja
263,közleményre,közlemény,re
264,világmagyarázatként,világmagyarázat,ként
265,Mauroyra,Mauroy,ra
266,Bécset,Bécs,et
267,gyakorlatokra,gyakorlat,okra
268,hallatlanul,hallatlan,ul
269,reményét,remény,ét
270,címek,cím,ek
271,szuggesztivitással,szuggesztivitás,sal
272,házak,ház,ak
273,ambícióit,ambíció,it
274,felszínre,felszín,re
275,pszichiáternek,pszichiáter,nek
276,tulajdonosai,tulajdonos,ai
277,Borban,Bor,ban
278,készítenek,készít,enek
279,jellemzőivel,jellemző,ivel
280,ÁPTF-nek,ÁPTF,-nek
281,szükségem,szükség,em
282,egyetemet,egyetem,et
283,készülhetett,készül,hetett
284,kerítések,kerítés,ek
285,viszonya,viszony,a
286,poeticaként,poetica,ként
287,sürgette,sürget,te
288,fuvarozókat,fuvarozó,kat
289,finomsága,finomság,a
290,kilométerre,kilométer,re
291,kivásárolták,kivásárol,ták
292,támogatja,támogat,ja
293,hirdeti,hirdet,i
294,csomagtervet,csomagterv,et
295,sokak,sok,ak
296,Lengyelországban,Lengyelország,ban
297,alkalmazottaiból,alkalmazott,aiból
298,okkal,ok,kal
299,szanálásának,szanálás,ának
300,keltették,kelt,ették
301,okai,ok,ai
302,hozza,hoz,za
303,tudhatott,tud,hatott
304,tárgyat,tárgy,at
305,tiltakozást,tiltakozás,t
306,tisztségeitől,tisztség,eitől
307,lesznek,lesz,nek
308,otthonukból,otthon,ukból
309,szorgalmazza,szorgalmaz,za
310,vádolja,vádol,ja
311,rádiófelvételeink,rádiófelvétel,eink
312,szerepében,szerep,ében
313,Wolframját,Wolfram,ját
314,célállomásra,célállomás,ra
315,ezekkel,ez,ekkel
316,szocdemek,szocdem,ek
317,finomítók,finomító,k
318,amelyeknek,amely,eknek
319,anyaga,anyag,a
320,körzetben,körzet,ben
321,tettét,tett,ét
322,akadályt,akadály,t
323,munkatársától,munkatárs,ától
324,próbálunk,próbál,unk
325,hullámot,hullám,ot
326,szövegek,szöveg,ek
327,termelésben,termelés,ben
328,Operbe,Oper,be
329,kicsit,kicsi,t
330,váltani,vált,ani
331,művet,mű,vet
332,Mituinak,Mitui,nak
333,napján,nap,ján
334,kompozíciókat,kompozíció,kat
335,civileknek,civil,eknek
336,szolgálatot,szolgálat,ot
337,napon,nap,on
338,Labemben,Labem,ben
339,százalékkal,százalék,kal
340,páncélszekrényének,páncélszekrény,ének
341,lapunknak,lap,unknak
342,ismertté,ismert,té
343,leszünk,lesz,ünk
344,tapsolhattunk,tapsol,hattunk
345,villanyáramot,villanyáram,ot
346,barátom,barát,om
347,hozná,hoz,ná
348,lába,láb,a
349,nézőnek,néző,nek
350,veszélyt,veszély,t
351,kiürített,kiürít,ett
352,terelték,terel,ték
353,szerzeményekből,szerzemény,ekből
354,tereli,terel,i
355,Pozsonyban,Pozsony,ban
356,társadalomban,társadalom,ban
357,túlzottan,túlzott,an
358,Schrödert,Schröder,t
359,kórházba,kórház,ba
360,hétfőn,hétfő,n
361,montenegróiak,montenegrói,ak
362,mondtam,mond,tam
363,találni,talál,ni
364,próbálok,próbál,ok
365,azért,az,ért
366,szerepelnek,szerepel,nek
367,járműveiket,jármű,veiket
368,erők,erő,k
369,állt,áll,t
370,sorozatot,sorozat,ot
371,beszélek,beszél,ek
372,filmben,film,ben
373,műveit,mű,veit
374,Andrásé,András,é
375,többször,több,ször
376,szenzációja,szenzáció,ja
377,egyetértenek,egyetért,enek
378,kivételével,kivétel,ével
379,csapást,csapás,t
380,szellemiségét,szellemiség,ét
381,akarunk,akar,unk
382,Koszovóban,Koszovó,ban
383,jelzőt,jelző,t
384,fogtak,fog,tak
385,nyújtják,nyújt,ják
386,hiteleire,hitel,eire
387,városba,város,ba
388,barátunknak,barát,unknak
389,küldtek,küld,tek
390,párhuzamosan,párhuzamos,an
391,került,kerül,t
392,érti,ért,i
393,motoron,motor,on
394,művészek,művész,ek
395,működését,működés,ét
396,parlamentje,parlament,je
397,adóval,adó,val
398,fogyaszthatja,fogyaszt,hatja
399,rabul,rab,ul
400,értékesítése,értékesítés,e
401,Isztambulból,Isztambul,ból
402,ellátások,ellátás,ok
403,részei,rész,ei
404,üzletek,üzlet,ek
405,légideszantost,légideszantos,t
406,csődbe,csőd,be
407,megszégyenítések,megszégyenítés,ek
408,albuma,album,a
409,főhadiszállásra,főhadiszállás,ra
410,férjének,férj,ének
411,archetípusok,archetípus,ok
412,darabjai,darab,jai
413,kezességet,kezesség,et
414,megmenteni,megment,eni
415,zárójelbe,zárójel,be
416,okozott,okoz,ott
417,közvetlenül,közvetlen,ül
418,rájuk,rá,juk
419,cége,cég,e
420,alapkövetelményem,alapkövetelmény,em
421,cselédkönyvezni,cselédkönyvez,ni
422,gyakorolt,gyakorol,t
423,kormánynak,kormány,nak
424,rendezővel,rendező,vel
425,informatikusokat,informatikus,okat
426,taxisok,taxis,ok
427,növekedését,növekedés,ét
428,kérdéseiben,kérdés,eiben
429,őreként,őr,eként
430,motorcsónakon,motorcsónak,on
431,szemmel,szem,mel
432,magánbűnbe,magánbűn,be
433,millióan,millió,an
434,napja,nap,ja
435,címoldalán,címoldal,án
436,valószínűnek,valószínű,nek
437,hómentesítésre,hómentesítés,re
438,szerepeltem,szerepel,tem
439,munkahelyéről,munkahely,éről
440,tudata,tudat,a
441,gorillacsaládban,gorillacsalád,ban
442,természetesen,természetes,en
443,elszállításához,elszállítás,ához
444,szépen,szép,en
445,esztendővel,esztendő,vel
446,győzött,győz,ött
447,célja,cél,ja
448,talált,talál,t
449,vizsgálni,vizsgál,ni
450,fejlesztéseket,fejlesztés,eket
451,jelentette,jelent,ette
452,kezelésével,kezelés,ével
453,tanácsadást,tanácsadás,t
454,eltüntette,eltüntet,te
455,életre,élet,re
456,kettéválását,kettéválás,át
457,közlések,közlés,ek
458,kiírását,kiírás,át
459,elnököt,elnök,öt
460,kezdhette,kezd,hette
461,hallgathatóbb,hallgatható,bb
462,kutatások,kutatás,ok
463,gondozásában,gondozás,ában
464,kapják,kap,ják
465,szomszédok,szomszéd,ok
466,tanácskozása,tanácskozás,a
467,végtelenné,végtelen,né
468,mindazokhoz,mindaz,okhoz
469,tudni,tud,ni
470,megszerezzen,megszerez,zen
471,rendűre,rendű,re
472,életük,élet,ük
473,kamaraművet,kamaramű,vet
474,hegyekben,hegy,ekben
475,attaséja,attasé,ja
476,adórendőre,adórendőr,e
477,visszajelzést,visszajelzés,t
478,gyerekek,gyerek,ek
479,fedőnéven,fedőnév,en
480,állítja,állít,ja
481,rendfenntartók,rendfenntartó,k
482,egyesek,egyes,ek
483,történelemben,történelem,ben
484,ülésén,ülés,én
485,kisebb,kis,ebb
486,aszfalton,aszfalt,on
487,ügynöknévsorok,ügynöknévsor,ok
488,útmunkások,útmunkás,ok
489,százaléka,százalék,a
490,valljuk,vall,juk
491,akadályait,akadály,ait
492,gyűjteményéből,gyűjtemény,éből
493,követőnek,követő,nek
494,számítanak,számít,anak
495,dollárért,dollár,ért
496,továbbadott,továbbad,ott
497,módot,mód,ot
498,újságírója,újságíró,ja
499,remélik,remél,ik
500,értetődően,értetődő,en
501,Lehmannhoz,Lehmann,hoz
502,ezekben,ez,ekben
503,főszereplője,főszereplő,je
504,pénzéből,pénz,éből
505,kelt,kel,t
506,juttatásaik,juttatás,aik
507,erőteljesen,erőteljes,en
508,időpontjáról,időpont,járól
509,Budapestre,Budapest,re
510,erőfeszítéseit,erőfeszítés,eit
511,halálát,halál,át
512,feloldását,feloldás,át
513,székében,szék,ében
514,utalt,utal,t
515,alakítja,alakít,ja
516,mindenek,minden,ek
517,Cserkassziban,Cserkasszi,ban
518,formagazdagsága,formagazdagság,a
519,kérte,kér,te
520,megformálása,megformálás,a
521,gépészmérnököket,gépészmérnök,öket
522,értelmetlenségig,értelmetlenség,ig
523,tiltja,tilt,ja
524,képviselővel,képviselő,vel
525,ajánlatával,ajánlat,ával
526,indulnak,indul,nak
527,csökkenteni,csökkent,eni
528,táborában,tábor,ában
529,támadásokra,támadás,okra
530,gyanújukat,gyanú,jukat
531,Kohllal,Kohl,lal
532,Kölnben,Köln,ben
533,vélem,vél,em
534,Klubban,Klub,ban
535,megmutatása,megmutatás,a
536,téren,tér,en
537,férfiaknál,férfi,aknál
538,lángjait,láng,jait
539,muszlimok,muszlim,ok
540,Pirotba,Pirot,ba
541,élt,él,t
542,díjamért,díj,amért
543,kérdésekről,kérdés,ekről
544,szépek,szép,ek
545,kötelességének,kötelesség,ének
546,alakult,alakul,t
547,segítségét,segítség,ét
548,dühöt,düh,öt
549,pénzén,pénz,én
550,részvények,részvény,ek
551,szerepeket,szerep,eket
552,sajnálom,sajnál,om
553,sofőrjei,sofőr,jei
554,államának,állam,ának
555,kilométerrel,kilométer,rel
556,elviselése,elviselés,e
557,különvonatnak,különvonat,nak
558,menedzsere,menedzser,e
559,Bodmérre,Bodmér,re
560,megtiltották,megtilt,ották
561,kérdezné,kérdez,né
562,beleegyezése,beleegyezés,e
563,lehetett,lehet,ett
564,testbe,test,be
565,rácsokat,rács,okat
566,ezt,ez,t
567,egységre,egység,re
568,kapjon,kap,jon
569,használta,használ,ta
570,támogatják,támogat,ják
571,százalékára,százalék,ára
572,tömkelegében,tömkeleg,ében
573,jóslata,jóslat,a
574,járhatóvá,járható,vá
575,mutatják,mutat,ják
576,kialakítására,kialakítás,ára
577,munkásságáról,munkásság,áról
578,tűzkárok,tűzkár,ok
579,festmények,festmény,ek
580,részéről,rész,éről
581,szólhatnak,szól,hatnak
582,minősége,minőség,e
583,ajánlják,ajánl,ják
584,óvatosak,óvatos,ak
585,februárjában,február,jában
586,autók,autó,k
587,tényét,tény,ét
588,háborút,háború,t
589,módszerek,módszer,ek
590,tudtuk,tud,tuk
591,mérni,mér,ni
592,megöltétek,megöl,tétek
593,kezelői,kezelő,i
594,diákot,diák,ot
595,Dubceknak,Dubcek,nak
596,darabokat,darab,okat
597,elfelejtheti,elfelejthet,i
598,meneküléséről,menekülés,éről
599,viselkedésüket,viselkedés,üket
600,közpénzekből,közpénz,ekből
601,mindennel,minden,nel
602,energiahordozókért,energiahordozó,kért
603,állapotban,állapot,ban
604,elnökéhez,elnök,éhez
605,beszélt,beszél,t
606,inflációt,infláció,t
607,útja,út,ja
608,dalszínházban,dalszínház,ban
609,körülményekről,körülmény,ekről
610,átéléssel,átélés,sel
611,időhúzásra,időhúzás,ra
612,követett,követ,ett
613,gondolunk,gondol,unk
614,látványosan,látványos,an
615,produkcióm,produkció,m
616,álljanak,áll,janak
617,tanulmányait,tanulmány,ait
618,kutatói,kutató,i
619,látott,lát,ott
620,képviselője,képviselő,je
621,tekintette,tekint,ette
622,párbeszédet,párbeszéd,et
623,építse,épít,se
624,elérzékenyülten,elérzékenyült,en
625,jelenlétében,jelenlét,ében
626,nézni,néz,ni
627,elemében,elem,ében
628,segített,segít,ett
629,felváltaniuk,felvált,aniuk
630,kötelezte,kötelez,te
631,filmet,film,et
632,intézmények,intézmény,ek
633,kiállításból,kiállítás,ból
634,napjainkban,nap,jainkban
635,NATO-bombázások,NATO-bombázás,ok
636,halmaza,halmaz,a
637,februárban,február,ban
638,növeli,növel,i
639,megpróbáltatásairól,megpróbáltatás,airól
640,boltját,bolt,ját
641,szándékosan,szándékos,an
642,komponálhattam,komponál,hattam
643,leromlottakat,leromlott,akat
644,kellett,kell,ett
645,többségét,többség,ét
646,kapjanak,kap,janak
647,meggyilkoltak,meggyilkolt,ak
648,püspökségek,püspökség,ek
649,foglaltaknak,foglalt,aknak
650,bizonyítania,bizonyít,ania
651,pályázatokra,pályázat,okra
652,oldaláról,oldal,áról
653,EU-tagállamokhoz,EU-tagállam,okhoz
654,magányosan,magányos,an
655,rendszerből,rendszer,ből
656,globalizációról,globalizáció,ról
657,miből,mi,ből
658,látogatása,látogatás,a
659,akciót,akció,t
660,helyettesítheti,helyettesít,heti
661,váltsák,vált,sák
662,egyszer,egy,szer
663,fegyveresek,fegyveres,ek
664,sérüléssel,sérülés,sel
665,egységek,egység,ek
666,egyezséget,egyezség,et
667,színhelyén,színhely,én
668,emberek,ember,ek
669,Andrással,András,sal
670,készenlétihitel-megállapodáshoz,készenlétihitel-megállapodás,hoz
671,FIK-részvényeit,FIK-részvény,eit
672,Donyeckben,Donyeck,ben
673,németeknek,német,eknek
674,életét,élet,ét
675,sebességváltón,sebességváltó,n
676,novemberében,november,ében
677,megbékélést,megbékélés,t
678,várnak,vár,nak
679,előadással,előadás,sal
680,felkérést,felkérés,t
681,létét,lét,ét
682,fedezi,fedez,i
683,rendszeresen,rendszeres,en
684,számítaniuk,számít,aniuk
685,szeretem,szeret,em
686,elégedetten,elégedett,en
687,fotók,fotó,k
688,közgyűlésen,közgyűlés,en
689,kiállítása,kiállítás,a
690,változtatnak,változtat,nak
691,kérdéseket,kérdés,eket
692,végéig,vég,éig
693,eszközzel,eszköz,zel
694,gerjeszti,gerjeszt,i
695,megszerezte,megszerez,te
696,körökre,kör,ökre
697,napokban,nap,okban
698,hatással,hatás,sal
699,másodpercen,másodperc,en
700,helyzete,helyzet,e
701,kezdtem,kezd,tem
702,imádják,imád,ják
703,köre,kör,e
704,őt,ő,t
705,indult,indul,t
706,dugók,dugó,k
707,atrocitások,atrocitás,ok
708,filmnek,film,nek
709,feltételezné,feltételez,né
710,falat,fal,at
711,készülékkel,készülék,kel
712,akiktől,aki,ktől
713,becsülik,becsül,ik
714,baloldalon,baloldal,on
715,alkotmányban,alkotmány,ban
716,költségei,költség,ei
717,növekedése,növekedés,e
718,kölcsönössége,kölcsönösség,e
719,eltörléséről,eltörlés,éről
720,kedvelem,kedvel,em
721,lakosa,lakos,a
722,nemet,nem,et
723,példányban,példány,ban
724,tétele,tétel,e
725,értéknek,érték,nek
726,eredményük,eredmény,ük
727,csúcsidőben,csúcsidő,ben
728,információszolgáltatást,információszolgáltatás,t
729,síremlékét,síremlék,ét
730,albumot,album,ot
731,ülök,ül,ök
732,szponzorának,szponzor,ának
733,kínálják,kínál,ják
734,körülményei,körülmény,ei
735,tulajdonába,tulajdon,ába
736,lakói,lakó,i
737,alapuljon,alapul,jon
738,szerepét,szerep,ét
739,korlátozza,korlátoz,za
740,nyilvánosságnak,nyilvánosság,nak
741,szervezetének,szervezet,ének
742,célpontjai,célpont,jai
743,távozást,távozás,t
744,tulajdonban,tulajdon,ban
745,sikert,siker,t
746,nyújtott,nyújt,ott
747,boldoggá,boldog,gá
748,éveken,év,eken
749,körzetbe,körzet,be
750,folytatni,folytat,ni
751,rendszerében,rendszer,ében
752,látogatásuk,látogatás,uk
753,hatékonyabb,hatékony,abb
754,támogatást,támogatás,t
755,jele,jel,e
756,verseinek,vers,einek
757,összpontosítottak,összpontosít,ottak
758,igazuk,igaz,uk
759,szedett,szed,ett
760,feljelentését,feljelentés,ét
761,frázisok,frázis,ok
762,ennyien,ennyi,en
763,épületében,épület,ében
764,Kft.-t,Kft.,-t
765,szorítani,szorít,ani
766,távlatokat,távlat,okat
767,rendőrre,rendőr,re
768,Zsolnay-tárgyak,Zsolnay-tárgy,ak
769,telephelyeiket,telephely,eiket
770,vállalt,vállal,t
771,országaiban,ország,aiban
772,akarjuk,akar,juk
773,számolni,számol,ni
774,tanúsága,tanúság,a
775,dolgozói,dolgozó,i
776,tőketörlesztésre,tőketörlesztés,re
777,elosztására,elosztás,ára
778,segítségéért,segítség,éért
779,státusát,státus,át
780,inflációkiegyenlítésben,inflációkiegyenlítés,ben
781,hatóságoknak,hatóság,oknak
782,javasolta,javasol,ta
783,társaságában,társaság,ában
784,végére,vég,ére
785,kegytárgyak,kegytárgy,ak
786,látogatókra,látogató,kra
787,szenvedett,szenved,ett
788,harcolnak,harcol,nak
789,küldjék,küld,jék
790,olcsóbban,olcsó,bban
791,törökök,török,ök
792,velem,vele,m
793,barátomra,barát,omra
794,keresnek,keres,nek
795,tartják,tart,ják
796,jelentik,jelent,ik
797,műteremben,műterem,ben
798,szerepeit,szerep,eit
799,Brandenburgban,Brandenburg,ban
800,visszatelepülése,visszatelepülés,e
801,szavatolása,szavatolás,a
802,lehetőségük,lehetőség,ük
803,jogásza,jogász,a
804,rázta,ráz,ta
805,tőketartalékba,tőketartalék,ba
806,létrehozását,létrehozás,át
807,orvosaival,orvos,aival
808,évvel,év,vel
809,ezzel,ez,zel
810,kezdte,kezd,te
811,száma,szám,a
812,választóival,választó,ival
813,hagyják,hagy,ják
814,mamutcégek,mamutcég,ek
815,konzorciumnak,konzorcium,nak
816,erőlteti,erőltet,i
817,évfordulója,évforduló,ja
818,tudtam,tud,tam
819,kapcsolatát,kapcsolat,át
820,hozzásegített,hozzásegít,ett
821,árai,ár,ai
822,betegeket,beteg,eket
823,elhelyezzék,elhelyez,zék
824,rivalizálásukat,rivalizálás,ukat
825,időben,idő,ben
826,készítésénél,készítés,énél
827,vonja,von,ja
828,adnak,ad,nak
829,okozta,okoz,ta
830,veszem,vesz,em
831,védjegyek,védjegy,ek
832,dőlt,dől,t
833,kátyúból,kátyú,ból
834,marsallnak,marsall,nak
835,visszaesését,visszaesés,ét
836,eladósodást,eladósodás,t
837,viselt,visel,t
838,szótára,szótár,a
839,vágták,vág,ták
840,sírhelyét,sírhely,ét
841,hiányában,hiány,ában
842,súlyát,súly,át
843,ügyek,ügy,ek
844,napilapot,napilap,ot
845,jelensége,jelenség,e
846,falatot,falat,ot
847,főnemesek,főnemes,ek
848,tulajdonosa,tulajdonos,a
849,jegyéért,jegy,éért
850,ráadásul,ráadás,ul
851,várják,vár,ják
852,hangszereket,hangszer,eket
853,vészhelyzetből,vészhelyzet,ből
854,akadályozta,akadályoz,ta
855,kedvezőtlenül,kedvezőtlen,ül
856,kiállításon,kiállítás,on
857,döntést,döntés,t
858,lehetne,lehet,ne
859,százalékban,százalék,ban
860,apróságot,apróság,ot
861,erővel,erő,vel
862,garanciavállalása,garanciavállalás,a
863,Würzburgban,Würzburg,ban
864,szédüljön,szédül,jön
865,szállítani,szállít,ani
866,csomagtervhez,csomagterv,hez
867,repülőtéren,repülőtér,en
868,elnökére,elnök,ére
869,megfelelni,megfelel,ni
870,hatásairól,hatás,airól
871,tagadják,tagad,ják
872,csökkenően,csökkenő,en
873,életfontosságúnak,életfontosságú,nak
874,lezárását,lezárás,át
875,tárgyalásokon,tárgyalás,okon
876,látni,lát,ni
877,élveztem,élvez,tem
878,jelentések,jelentés,ek
879,háborúban,háború,ban
880,életet,élet,et
881,hóval,hó,val
882,amivel,ami,vel
883,segítséget,segítség,et
884,esetében,eset,ében
885,történetének,történet,ének
886,egymásnak,egymás,nak
887,szovjeteknek,szovjet,eknek
888,városban,város,ban
889,alkalomból,alkalom,ból
890,összege,összeg,e
891,csomópontja,csomópont,ja
892,konfliktusok,konfliktus,ok
893,változatlanul,változatlan,ul
894,kutatók,kutató,k
895,programban,program,ban
896,futóművet,futómű,vet
897,családtagjai,családtag,jai
898,szavatolni,szavatol,ni
899,gőzmozdonyok,gőzmozdony,ok
900,napra,nap,ra
901,ENSZ-nagykövete,ENSZ-nagykövet,e
902,kereteken,keret,eken
903,tagjának,tag,jának
904,harcosok,harcos,ok
905,amihez,ami,hez
906,autóba,autó,ba
907,kezdeményezett,kezdeményez,ett
908,források,forrás,ok
909,épületének,épület,ének
910,sorozatban,sorozat,ban
911,alkotmánybíróságnál,alkotmánybíróság,nál
912,süllyedt,süllyed,t
913,kimondhatóvá,kimondható,vá
914,illetékesek,illetékes,ek
915,megbízásából,megbízás,ából
916,forintra,forint,ra
917,fotókra,fotó,kra
918,életmódjára,életmód,jára
919,úthálózaton,úthálózat,on
920,Rezníknek,Rezník,nek
921,köztiszteletnek,köztisztelet,nek
922,rálőttek,rálő,ttek
923,kétszer,két,szer
924,ütközetek,ütközet,ek
925,elméletet,elmélet,et
926,maradnak,marad,nak
927,Tarzannak,Tarzan,nak
928,hashártyagyulladást,hashártyagyulladás,t
929,alakítottam,alakít,ottam
930,főgonoszt,főgonosz,t
931,színpadon,színpad,on
932,keveréke,keverék,e
933,természeténél,természet,énél
934,segítségével,segítség,ével
935,utánpótlást,utánpótlás,t
936,mellékútvonalon,mellékútvonal,on
937,műkincseinek,műkincs,einek
938,állapota,állapot,a
939,érjen,ér,jen
940,látogatásán,látogatás,án
941,mondta,mond,ta
942,megerősítette,megerősít,ette
943,láza,láz,a
944,vidékről,vidék,ről
945,felkiáltójelként,felkiáltójel,ként
946,kerülhetnek,kerülhet,nek
947,kocsinak,kocsi,nak
948,lefedi,lefed,i
949,kerülnek,kerül,nek
950,ritkaságok,ritkaság,ok
951,megszorítások,megszorítás,ok
952,szándékot,szándék,ot
953,hasznosítják,hasznosít,ják
954,faluból,falu,ból
955,lakásokban,lakás,okban
956,kérdezte,kérdez,te
957,mennyiséget,mennyiség,et
958,fogalmazzon,fogalmaz,zon
959,vesztese,vesztes,e
960,krízisei,krízis,ei
961,elterjedése,elterjedés,e
962,férfire,férfi,re
963,iránta,iránt,a
964,Dubcekről,Dubcek,ről
965,szövetségest,szövetséges,t
966,megfontolásokból,megfontolás,okból
967,virradóra,virradó,ra
968,sorozatgyártását,sorozatgyártás,át
969,tisztelegtek,tiszteleg,tek
970,technikailag,technikai,lag
971,kormányt,kormány,t
972,elismerésére,elismerés,ére
973,eljárása,eljárás,a
974,ratifikálta,ratifikál,ta
975,hazautalásainak,hazautalás,ainak
976,fognak,fog,nak
977,elképzeléseket,elképzelés,eket
978,melynek,mely,nek
979,vállalkozásba,vállalkozás,ba
980,műfordításában,műfordítás,ában
981,Kazinczy-díjat,Kazinczy-díj,at
982,szívébe,szív,ébe
983,során,sor,án
984,kibocsátásához,kibocsátás,ához
985,húznak,húz,nak
986,vírussal,vírus,sal
987,döntenek,dönt,enek
988,térséget,térség,et
989,pályakezdésének,pályakezdés,ének
990,fogják,fog,ják
991,férfiak,férfi,ak
992,fertőzött,fertőz,ött
993,képviselői,képviselő,i
994,szélén,szél,én
995,opusz,opus,z
996,bevezetése,bevezetés,e
997,története,történet,e
998,tőkepiacok,tőkepiac,ok
999,kamionokra,kamion,okra
1000,Budapesttől,Budapest,től
1001,kilencedszer,kilenced,szer
1002,olvastam,olvas,tam
1003,barátjához,barát,jához
1004,bírálatokat,bírálat,okat
1005,reformoknak,reform,oknak
1006,vesebeteget,vesebeteg,et
1007,módozatait,módozat,ait
1008,Bakonyba,Bakony,ba
1009,súlya,súly,a
1010,sebességével,sebesség,ével
1011,szerintük,szerint,ük
1012,évesen,éves,en
1013,gyógyított,gyógyít,ott
1014,látogatott,látogat,ott
1015,számon,szám,on
1016,négyszögesítésével,négyszögesítés,ével
1017,órakor,óra,kor
1018,keréknyomokból,keréknyom,okból
1019,terményt,termény,t
1020,előfordult,előfordul,t
1021,állításokat,állítás,okat
1022,kilót,kiló,t
1023,álláspontok,álláspont,ok
1024,darabot,darab,ot
1025,kantonoknak,kanton,oknak
1026,elismerik,elismer,ik
1027,költségek,költség,ek
1028,koncertanyagát,koncertanyag,át
1029,többsége,többség,e
1030,megjelenésével,megjelenés,ével
1031,évtizede,évtized,e
1032,nők,nő,k
1033,korlátai,korlát,ai
1034,kérnie,kér,nie
1035,Pozsonyba,Pozsony,ba
1036,premierjét,premier,jét
1037,megindította,megindít,otta
1038,fogadja,fogad,ja
1039,járőrre,járőr,re
1040,csinálják,csinál,ják
1041,okolták,okol,ták
1042,energiaszektorban,energiaszektor,ban
1043,állapotot,állapot,ot
1044,hihetetlenül,hihetetlen,ül
1045,akarata,akarat,a
1046,igazgatója,igazgató,ja
1047,lefolytatását,lefolytatás,át
1048,marketingigazgatója,marketingigazgató,ja
1049,elnökön,elnök,ön
1050,universitasra,universitas,ra
1051,igénye,igény,e
1052,vegyesvállalata,vegyesvállalat,a
1053,ülnek,ül,nek
1054,porcelánból,porcelán,ból
1055,nyilatkozatában,nyilatkozat,ában
1056,unióhoz,unió,hoz
1057,Legutóbb,Leg,utóbb
1058,táncok,tánc,ok
1059,részegységek,részegység,ek
1060,muzsikusok,muzsikus,ok
1061,havazások,havazás,ok
1062,elvonták,elvon,ták
1063,eredményei,eredmény,ei
1064,otthont,otthon,t
1065,hivatalban,hivatal,ban
1066,tabunak,tabu,nak
1067,sebeket,seb,eket
1068,tartásán,tartás,án
1069,látja,lát,ja
1070,Csellóegyüttestől,Csellóegyüttes,től
1071,csoporttal,csoport,tal
1072,vezetésében,vezetés,ében
1073,kíséri,kísér,i
1074,érezteti,éreztet,i
1075,egynémelyikében,egynémelyik,ében
1076,elismerésemért,elismerés,emért
1077,rendőrsége,rendőrség,e
1078,vezetékre,vezeték,re
1079,őket,ők,et
1080,szépsége,szépség,e
1081,fizetést,fizetés,t
1082,földrengéstől,földrengés,től
1083,csökkenését,csökkenés,ét
1084,teljesítménye,teljesítmény,e
1085,képezik,képez,ik
1086,szerzők,szerző,k
1087,visszavásárlása,visszavásárlás,a
1088,megnyilvánulása,megnyilvánulás,a
1089,gazdaságra,gazdaság,ra
1090,készpénzt,készpénz,t
1091,NSZK-ban,NSZK,-ban
1092,rendszert,rendszer,t
1093,nevezi,nevez,i
1094,egyesült,egyesül,t
1095,piacon,piac,on
1096,Cottbusban,Cottbus,ban
1097,köszönhetem,köszön,hetem
1098,kérdezhetné,kérdez,hetné
1099,bénította,bénít,otta
1100,szerveztek,szervez,tek
1101,mondhat,mond,hat
1102,operaszínpadon,operaszínpad,on
1103,kezdték,kezd,ték
1104,botrányt,botrány,t
1105,fejezi,fejez,i
1106,adatok,adat,ok
1107,márciusában,március,ában
1108,júliusban,július,ban
1109,költőnek,költő,nek
1110,dalszínháznak,dalszínház,nak
1111,akadálya,akadály,a
1112,emberünk,ember,ünk
1113,színművében,színmű,vében
1114,Színháznak,Színház,nak
1115,tömegesen,tömeges,en
1116,azt,az,t
1117,akinek,aki,nek
1118,felkérését,felkérés,ét
1119,komponált,komponál,t
1120,sikerrel,siker,rel
1121,közösségek,közösség,ek
1122,kezelésére,kezelés,ére
1123,ára,ár,a
1124,ehhez,ehh,ez
1125,tartja,tart,ja
1126,időjárást,időjárás,t
1127,tapasztalatokat,tapasztalat,okat
1128,esten,est,en
1129,annyival,annyi,val
1130,lépek,lép,ek
1131,biztonságot,biztonság,ot
1132,bántalmaztak,bántalmaz,tak
1133,veszélybe,veszély,be
1134,levélpapírján,levélpapír,ján
1135,vizsgálatban,vizsgálat,ban
1136,elemekkel,elem,ekkel
1137,alaptalanul,alaptalan,ul
1138,tőketömegek,tőketömeg,ek
1139,készek,kész,ek
1140,feladatnak,feladat,nak
1141,fűtőolajhoz,fűtőolaj,hoz
1142,bérkocsit,bérkocsi,t
1143,községekben,község,ekben
1144,láthatjuk,lát,hatjuk
1145,közönsége,közönség,e
1146,kérlelik,kérlel,ik
1147,Trafóban,Trafó,ban
1148,lomposan,lompos,an
1149,kettéválása,kettéválás,a
1150,takarókat,takaró,kat
1151,alapozzák,alapoz,zák
1152,népességgel,népesség,gel
1153,Intézetben,Intézet,ben
1154,Babiucot,Babiuc,ot
1155,olcsón,olcsó,n
1156,hibátlanul,hibátlan,ul
1157,mit,mi,t
1158,mutatók,mutató,k
1159,nagyobbik,nagy,obbik
1160,teremben,terem,ben
1161,Essenben,Essen,ben
1162,ünnepelte,ünnepel,te
1163,bölcsőjeként,bölcső,jeként
1164,szervokormányt,szervokormány,t
1165,egyezményt,egyezmény,t
1166,kellőképpen,kellő,képpen
1167,vezette,vezet,te
1168,emelte,emel,te
1169,lökést,lökés,t
1170,folytatását,folytatás,át
1171,párosult,párosul,t
1172,nagykövetével,nagykövet,ével
1173,évesek,éves,ek
1174,pontosan,pontos,an
1175,bűnbocsánathoz,bűnbocsánat,hoz
1176,teszik,tesz,ik
1177,kuvaszok,kuvasz,ok
1178,Vollebaekkel,Vollebaek,kel
1179,bajtársat,bajtárs,at
1180,múltban,múlt,ban
1181,olaszokra,olasz,okra
1182,Havellal,Havel,lal
1183,követi,követ,i
1184,magánvéleményként,magánvélemény,ként
1185,engedésének,engedés,ének
1186,kirándulások,kirándulás,ok
1187,verziót,verzió,t
1188,operálja,operál,ja
1189,tűzoltók,tűzoltó,k
1190,síron,sír,on
1191,ezen,ez,en
1192,szemleírója,szemleíró,ja
1193,rendszernek,rendszer,nek
1194,megnyerte,megnyer,te
1195,tartani,tart,ani
1196,nézlek,néz,lek
1197,töri,tör,i
1198,egyházfőnek,egyházfő,nek
1199,Fejérben,Fejér,ben
1200,törvényben,törvény,ben
1201,torlaszokat,torlasz,okat
1202,Rezníkről,Rezník,ről
1203,műfajban,műfaj,ban
1204,restitúcióra,restitúció,ra
1205,amelyeket,amely,eket
1206,helyettese,helyettes,e
1207,alsóbb,alsó,bb
1208,folytathatta,folytat,hatta
1209,lezárása,lezárás,a
1210,ablakát,ablak,át
1211,lélektől,lélek,től
1212,autósok,autós,ok
1213,libasorban,libasor,ban
1214,olajvezetékben,olajvezeték,ben
1215,egyeseket,egyes,eket
1216,fűzik,fűz,ik
1217,állásajánlatok,állásajánlat,ok
1218,árján,ár,ján
1219,kiállítást,kiállítás,t
1220,tőkeemelésben,tőkeemelés,ben
1221,napirendre,napirend,re
1222,személye,személy,e
1223,tudok,tud,ok
1224,embere,ember,e
1225,akciófilm-forgatókönyvírói,akciófilm-forgatókönyvíró,i
1226,művészként,művész,ként
1227,sorban,sor,ban
1228,fenntartása,fenntartás,a
1229,érdekelte,érdekel,te
1230,helyet,hely,et
1231,időről-időre,időről-idő,re
1232,illetően,illető,en
1233,meglepetésre,meglepetés,re
1234,életébe,élet,ébe
1235,megőrzésével,megőrzés,ével
1236,tulajdonosként,tulajdonos,ként
1237,igazolásokat,igazolás,okat
1238,rendezvényen,rendezvény,en
1239,felnőttet,felnőtt,et
1240,műről,mű,ről
1241,térbe,tér,be
1242,részeivé,rész,eivé
1243,kormányának,kormány,ának
1244,fegyvert,fegyver,t
1245,élesen,éles,en
1246,Goghra,Gogh,ra
1247,helyzetét,helyzet,ét
1248,többségben,többség,ben
1249,vezetése,vezetés,e
1250,részletek,részlet,ek
1251,címét,cím,ét
1252,előadásában,előadás,ában
1253,kérték,kér,ték
1254,Mikolajivban,Mikolajiv,ban
1255,döntötték,dönt,ötték
1256,árverésre,árverés,re
1257,remélt,remél,t
1258,melyben,mely,ben
1259,írásban,írás,ban
1260,áttérést,áttérés,t
1261,rögnek,rög,nek
1262,növelhetik,növel,hetik
1263,ülésein,ülés,ein
1264,hallgatóknak,hallgató,knak
1265,híve,hív,e
1266,kötött,köt,ött
1267,Bajorországban,Bajorország,ban
1268,lebélyegzése,lebélyegzés,e
1269,stílusérzékkel,stílusérzék,kel
1270,kocsit,kocsi,t
1271,építsen,épít,sen
1272,hitelt,hitel,t
1273,millióban,millió,ban
1274,veszik,vesz,ik
1275,állítása,állítás,a
1276,konfliktust,konfliktus,t
1277,bőrén,bőr,én
1278,találkozót,találkozó,t
1279,háromféleképp,háromféle,képp
1280,kisbefektetők,kisbefektető,k
1281,tagállamaiban,tagállam,aiban
1282,alapítványokat,alapítvány,okat
1283,üdvözölte,üdvözöl,te
1284,mondanivalója,mondanivaló,ja
1285,igazítják,igazít,ják
1286,helyen,hely,en
1287,közelítésére,közelítés,ére
1288,váltson,vált,son
1289,megnyitja,megnyit,ja
1290,gazdaságot,gazdaság,ot
1291,gyakorlatok,gyakorlat,ok
1292,reménykedhetnek,reménykedhet,nek
1293,választhatnak,választ,hatnak
1294,kialakulni,kialakul,ni
1295,mozgását,mozgás,át
1296,feltehetően,feltehető,en
1297,nemzete,nemzet,e
1298,világban,világ,ban
1299,becslések,becslés,ek
1300,szert,szer,t
1301,egymást,egymás,t
1302,történetén,történet,én
1303,tervek,terv,ek
1304,választotta,választ,otta
1305,reálgazdaságtól,reálgazdaság,tól
1306,privatizálásából,privatizálás,ából
1307,versenyképességért,versenyképesség,ért
1308,fordulatot,fordulat,ot
1309,házát,ház,át
1310,lényről,lény,ről
1311,biztosnak,biztos,nak
1312,idővel,idő,vel
1313,reformok,reform,ok
1314,kérdések,kérdés,ek
1315,lektora,lektor,a
1316,gazdaságunkra,gazdaság,unkra
1317,megnyugtatóan,megnyugtató,an
1318,fedezni,fedez,ni
1319,példaként,példa,ként
1320,felszámolását,felszámolás,át
1321,privatizálása,privatizálás,a
1322,orvosunk,orvos,unk
1323,tízkor,tíz,kor
1324,dőltek,dől,tek
1325,hangjával,hang,jával
1326,hidegvére,hidegvér,e
1327,évezredben,évezred,ben
1328,férfi-énekszextettől,férfi-énekszextett,ől
1329,Kft.-től,Kft.,-től
1330,évről,év,ről
1331,kívánt,kíván,t
1332,kezességvállalást,kezességvállalás,t
1333,hatása,hatás,a
1334,kiállítások,kiállítás,ok
1335,vontatták,von,tatták
1336,kényelmetlenebb,kényelmetlen,ebb
1337,gondolkodásra,gondolkodás,ra
1338,szöveget,szöveg,et
1339,sajátosságok,sajátosság,ok
1340,vezetői,vezető,i
1341,amelyet,amely,et
1342,kitartóknak,kitartó,knak
1343,lépcsőjéig,lépcső,jéig
1344,beruházástól,beruházás,tól
1345,kérdései,kérdés,ei
1346,Kecskemétről,Kecskemét,ről
1347,évtizedek,évtized,ek
1348,képviseletét,képviselet,ét
1349,szabta,szab,ta
1350,negyedét,negyed,ét
1351,folytatásaként,folytatás,aként
1352,állták,áll,ták
1353,lehetőséget,lehetőség,et
1354,veszteséggel,veszteség,gel
1355,produkciókban,produkció,kban
1356,siettették,siet,tették
1357,káoszban,káosz,ban
1358,energikusak,energikus,ak
1359,kiállításról,kiállítás,ról
1360,tárlaton,tárlat,on
1361,buszokból,busz,okból
1362,keretében,keret,ében
1363,szakasznak,szakasz,nak
1364,nyereséget,nyereség,et
1365,helyreállítása,helyreállítás,a
1366,port,por,t
1367,nappal,nap,pal
1368,módosítása,módosítás,a
1369,kapnak,kap,nak
1370,szenátornak,szenátor,nak
1371,felejtsd,felejt,sd
1372,betársult,betársul,t
1373,kapott,kap,ott
1374,munkaerőért,munkaerő,ért
1375,idegrendszerét,idegrendszer,ét
1376,útnak,út,nak
1377,temettek,temet,tek
1378,megszorításait,megszorítás,ait
1379,mindezt,mindez,t
1380,bevezetésével,bevezetés,ével
1381,helikoptereikkel,helikopter,eikkel
1382,Zetorok,Zetor,ok
1383,beszámolója,beszámoló,ja
1384,stábnak,stáb,nak
1385,vetni,vet,ni
1386,becézett,becéz,ett
1387,haltak,hal,tak
1388,támadásokban,támadás,okban
1389,jogerősen,jogerős,en
1390,hozott,hoz,ott
1391,kívánunk,kíván,unk
1392,elzártaknak,elzárt,aknak
1393,látogatóit,látogató,it
1394,másikról,másik,ról
1395,úton,út,on
1396,városok,város,ok
1397,évet,év,et
1398,sorjázásában,sorjázás,ában
1399,törvényt,törvény,t
1400,komponálom,komponál,om
1401,tisztelettel,tisztelet,tel
1402,kezdete,kezdet,e
1403,kórházukban,kórház,ukban
1404,amelyre,amely,re
1405,osztották,oszt,ották
1406,szerzeményei,szerzemény,ei
1407,megszüntetése,megszüntetés,e
1408,közgyűlésén,közgyűlés,én
1409,helyükön,hely,ükön
1410,mértékben,mérték,ben
1411,tartományt,tartomány,t
1412,alapján,alap,ján
1413,Törökországban,Törökország,ban
1414,képesek,képes,ek
1415,szorgalmazták,szorgalmaz,ták
1416,értetlenséget,értetlenség,et
1417,elüldözik,elüldöz,ik
1418,értesülések,értesülés,ek
1419,töröltek,töröl,tek
1420,személyében,személy,ében
1421,alakítania,alakít,ania
1422,távozók,távozó,k
1423,körre,kör,re
1424,megvédte,megvéd,te
1425,alkoholtól,alkohol,tól
1426,akiknek,aki,knek
1427,újabb,új,abb
1428,véleménye,vélemény,e
1429,művének,mű,vének
1430,szálak,szál,ak
1431,fordítania,fordít,ania
1432,váltók,váltó,k
1433,jelenti,jelent,i
1434,vége,vég,e
1435,ennyire,ennyi,re
1436,folyamatosan,folyamatos,an
1437,emberére,ember,ére
1438,századból,század,ból
1439,különbözőségét,különbözőség,ét
1440,éreztek,érez,tek
1441,emlékeik,emlék,eik
1442,jutottak,jut,ottak
1443,fővárosba,főváros,ba
1444,hangzáshoz,hangzás,hoz
1445,Somogyszobon,Somogyszob,on
1446,lendületet,lendület,et
1447,belgyógyász-pszichiátert,belgyógyász-pszichiáter,t
1448,SZDSZ-képviselőnek,SZDSZ-képviselő,nek
1449,segítőkészségét,segítőkészség,ét
1450,jelentett,jelent,ett
1451,konstrukcióban,konstrukció,ban
1452,politikusok,politikus,ok
1453,árfolyamok,árfolyam,ok
1454,késéssel,késés,sel
1455,szerepelt,szerepel,t
1456,pillantásokat,pillantás,okat
1457,múltat,múlt,at
1458,ülése,ülés,e
1459,elődök,előd,ök
1460,rádióban,rádió,ban
1461,várhatók,várható,k
1462,kedvéért,kedv,éért
1463,zsúfoltságot,zsúfoltság,ot
1464,szelleme,szellem,e
1465,országainkat,ország,ainkat
1466,oldalon,oldal,on
1467,küldöttsége,küldöttség,e
1468,besúgók,besúgó,k
1469,elveszíti,elveszít,i
1470,vezetőire,vezető,ire
1471,rajzfilmen,rajzfilm,en
1472,természetesnek,természetes,nek
1473,rontotta,ront,otta
1474,rajzfilmek,rajzfilm,ek
1475,állásra,állás,ra
1476,szóvivője,szóvivő,je
1477,alkalmasak,alkalmas,ak
1478,többségre,többség,re
1479,összegért,összeg,ért
1480,előadásnak,előadás,nak
1481,vívja,vív,ja
1482,pártokra,párt,okra
1483,átköltöztetését,átköltöztetés,ét
1484,szállítója,szállító,ja
1485,töltötte,tölt,ötte
1486,vereségért,vereség,ért
1487,lemondott,lemond,ott
1488,lehetőségét,lehetőség,ét
1489,kapcsolatokat,kapcsolat,okat
1490,"2000""-nek","2000""",-nek
1491,akartam,akar,tam
1492,szentesített,szentesít,ett
1493,beszélgettünk,beszélget,tünk
1494,dömpingbe,dömping,be
1495,lángokban,láng,okban
1496,forinttal,forint,tal
1497,jelentését,jelentés,ét
1498,történetbe,történet,be
1499,cégek,cég,ek
1500,teremnek,terem,nek
1501,rekedtek,reked,tek
1502,tapasztaltam,tapasztal,tam
1503,támadásokkal,támadás,okkal
1504,regényének,regény,ének
1505,menedéket,menedék,et
1506,térségek,térség,ek
1507,aranykincset,aranykincs,et
1508,edényben,edény,ben
1509,magyarázta,magyaráz,ta
1510,utódállama,utódállam,a
1511,hatóságokkal,hatóság,okkal
1512,párttagok,párttag,ok
1513,társainak,társ,ainak
1514,korlátozást,korlátozás,t
1515,hatalmasságaival,hatalmasság,aival
1516,hősünket,hős,ünket
1517,létre,lét,re
1518,megyeszékhelyen,megyeszékhely,en
1519,alkalmazottat,alkalmazott,at
1520,csoportja,csoport,ja
1521,elmondja,elmond,ja
1522,közölt,közöl,t
1523,kötelessége,kötelesség,e
1524,parkolóba,parkoló,ba
1525,különbségek,különbség,ek
1526,őszön,ősz,ön
1527,bérelte,bérel,te
1528,méltóan,méltó,an
1529,utasokat,utas,okat
1530,bontja,bont,ja
1531,provokációnak,provokáció,nak
1532,tőkeemelések,tőkeemelés,ek
1533,hiányérzetem,hiányérzet,em
1534,viszonyban,viszony,ban
1535,rendelték,rendel,ték
1536,Vértesboglárra,Vértesboglár,ra
1537,aukciójára,aukció,jára
1538,hétre,hét,re
1539,színfoltot,színfolt,ot
1540,díjátadóként,díjátadó,ként
1541,darabban,darab,ban
1542,együttműködésre,együttműködés,re
1543,mindezek,mindez,ek
1544,megoldásához,megoldás,ához
1545,tevékenységüket,tevékenység,üket
1546,győzni,győz,ni
1547,hallgatók,hallgató,k
1548,otthonuk,otthon,uk
1549,társasággá,társaság,gá
1550,vasútvonalon,vasútvonal,on
1551,hipnózisban,hipnózis,ban
1552,rendeltek,rendel,tek
1553,mozinézők,mozinéző,k
1554,haragja,harag,ja
1555,évjáratban,évjárat,ban
1556,nyugatra,nyugat,ra
1557,válaszom,válasz,om
1558,Szovjetunióba,Szovjetunió,ba
1559,etnóhoz,etnó,hoz
1560,érintene,érint,ene
1561,otthontalanná,otthontalan,ná
1562,általam,által,am
1563,meredekebb,meredek,ebb
1564,kényszerűen,kényszerű,en
1565,terveznek,tervez,nek
1566,félreértéseket,félreértés,eket
1567,dzsungelt,dzsungel,t
1568,átlagosan,átlagos,an
1569,hangsúlyozta,hangsúlyoz,ta
1570,szűkössége,szűkösség,e
1571,fogadócsoportban,fogadócsoport,ban
1572,helyzetekben,helyzet,ekben
1573,miniszterelnöknek,miniszterelnök,nek
1574,forintért,forint,ért
1575,helyezett,helyez,ett
1576,támogattak,támogat,tak
1577,indokolják,indokol,ják
1578,közhivatalnoktól,közhivatalnok,tól
1579,koncerten,koncert,en
1580,árokba,árok,ba
1581,kialakulását,kialakulás,át
1582,nevezik,nevez,ik
1583,puccsot,puccs,ot
1584,semmisíteni,semmisít,eni
1585,fordulok,fordul,ok
1586,szakértője,szakértő,je
1587,csinálja,csinál,ja
1588,forintról,forint,ról
1589,mondhatni,mondhat,ni
1590,fővárosban,főváros,ban
1591,színfalak,színfal,ak
1592,szereplők,szereplő,k
1593,mítoszait,mítosz,ait
1594,kezdetnek,kezdet,nek
1595,kiejtésért,kiejtés,ért
1596,amiből,ami,ből
1597,Törökországot,Törökország,ot
1598,városokban,város,okban
1599,jutott,jut,ott
1600,adósságot,adósság,ot
1601,megosztását,megosztás,át
1602,püspökök,püspök,ök
1603,identitásának,identitás,ának
1604,Oroszországba,Oroszország,ba
1605,repülni,repül,ni
1606,kávészünetre,kávészünet,re
1607,értékesíteni,értékesít,eni
1608,ütik,üt,ik
1609,Lenszkijnek,Lenszkij,nek
1610,konzervgyárak,konzervgyár,ak
1611,százalékának,százalék,ának
1612,jellemezte,jellemez,te
1613,balesetekben,baleset,ekben
1614,tanulmányozzák,tanulmányoz,zák
1615,tanácsa,tanács,a
1616,hallgatok,hallgat,ok
1617,értékesítésével,értékesítés,ével
1618,fegyverraktárokat,fegyverraktár,okat
1619,maradjanak,marad,janak
1620,szomszédaiknál,szomszéd,aiknál
1621,helyettesítésének,helyettesítés,ének
1622,HVG-nek,HVG,-nek
1623,élünk,él,ünk
1624,időre,idő,re
1625,ENSZ-nek,ENSZ,-nek
1626,külvilágtól,külvilág,tól
1627,jogosultságát,jogosultság,át
1628,hóban,hó,ban
1629,hírhedten,hírhedt,en
1630,zárni,zár,ni
1631,napirendjén,napirend,jén
1632,keletnémetek,keletnémet,ek
1633,szerepe,szerep,e
1634,akcióval,akció,val
1635,tavalyihoz,tavalyi,hoz
1636,tapasztalja,tapasztal,ja
1637,operettet,operett,et
1638,másokat,más,okat
1639,túlélők,túlélő,k
1640,lényegesebb,lényeges,ebb
1641,Pilisszántóba,Pilisszántó,ba
1642,farmert,farmer,t
1643,teszi,tesz,i
1644,élek,él,ek
1645,köszönhetően,köszönhető,en
1646,tudhatta,tudhat,ta
1647,hagyományokhoz,hagyomány,okhoz
1648,gyűjtők,gyűjtő,k
1649,olvasók,olvasó,k
1650,nyomorúságra,nyomorúság,ra
1651,veheti,vehet,i
1652,ostromát,ostrom,át
1653,Tibort,Tibor,t
1654,ratifikálása,ratifikálás,a
1655,elnökének,elnök,ének
1656,magángazdaságban,magángazdaság,ban
1657,állapítsa,állapít,sa
1658,porondon,porond,on
1659,okoznak,okoz,nak
1660,hérosza,hérosz,a
1661,bizonyítja,bizonyít,ja
1662,látványa,látvány,a
1663,rövidre,rövid,re
1664,tanítana,tanít,ana
1665,eladásra,eladás,ra
1666,vállalhatok,vállal,hatok
1667,sínek,sín,ek
1668,tulajdonában,tulajdon,ában
1669,vizsgálta,vizsgál,ta
1670,átmenetileg,átmeneti,leg
1671,azokból,az,okból
1672,meghaltak,meghalt,ak
1673,napban,nap,ban
1674,érhet,ér,het
1675,Csirkefejének,Csirkefej,ének
1676,lelassult,lelassul,t
1677,Brozt,Broz,t
1678,történések,történés,ek
1679,hírességei,híresség,ei
1680,banditákban,banditák,ban
1681,utóbbira,utóbbi,ra
1682,terhelnék,terhel,nék
1683,nevezte,nevez,te
1684,következménye,következmény,e
1685,tőkésíti,tőkésít,i
1686,produkciójában,produkció,jában
1687,állította,állít,otta
1688,érzését,érzés,ét
1689,adományaikat,adomány,aikat
1690,testvére,testvér,e
1691,hiányát,hiány,át
1692,helyreállítani,helyreállít,ani
1693,fűtőolajat,fűtőolaj,at
1694,ütőhangszerek,ütőhangszer,ek
1695,állításában,állítás,ában
1696,műveimről,mű,veimről
1697,annyit,annyi,t
1698,közepesnél,közepes,nél
1699,száguldott,száguld,ott
1700,szerette,szeret,te
1701,megmentésre,megmentés,re
1702,mértékének,mérték,ének
1703,vonulhattak,vonulhat,tak
1704,intézményrendszere,intézményrendszer,e
1705,szolgálhatja,szolgál,hatja
1706,jogát,jog,át
1707,népei,nép,ei
1708,autót,autó,t
1709,mértékkel,mérték,kel
1710,várostól,város,tól
1711,programokból,program,okból
1712,fakadtak,fakad,tak
1713,nézem,néz,em
1714,szerepéről,szerep,éről
1715,része,rész,e
1716,hótorlaszokon,hótorlasz,okon
1717,KFOR-gépek,KFOR-gép,ek
1718,sárkányrepülőn,sárkányrepülő,n
1719,németek,német,ek
1720,lakója,lakó,ja
1721,többen,több,en
1722,kifejtésére,kifejtés,ére
1723,gondolt,gondol,t
1724,munkanélküliek,munkanélküli,ek
1725,mindenkinek,mindenki,nek
1726,külügyminisztériumtól,külügyminisztérium,tól
1727,nyersanyagért,nyersanyag,ért
1728,értesüléseink,értesülés,eink
1729,használták,használ,ták
1730,viszonyok,viszony,ok
1731,beszélgetésre,beszélgetés,re
1732,végzők,végző,k
1733,szépségük,szépség,ük
1734,kedden,kedd,en
1735,kiválasztását,kiválasztás,át
1736,erőssége,erősség,e
1737,kormánypártok,kormánypárt,ok
1738,angolok,angol,ok
1739,csinálni,csinál,ni
1740,választottam,választ,ottam
1741,jönnek,jön,nek
1742,nincsenek,nincs,enek
1743,eszközök,eszköz,ök
1744,varázslóját,varázsló,ját
1745,midibuszokba,midibusz,okba
1746,ezeken,ez,eken
1747,elszenvedni,elszenved,ni
1748,ellátáshoz,ellátás,hoz
1749,hadseregnek,hadsereg,nek
1750,mártírokat,mártír,okat
1751,híreket,hír,eket
1752,Fischerre,Fischer,re
1753,traktoron,traktor,on
1754,harcban,harc,ban
1755,alapanyag-termelők,alapanyag-termelő,k
1756,átrepülése,átrepülés,e
1757,perújrafelvétel-kezdeményezőnek,perújrafelvétel-kezdeményező,nek
1758,helyzetbe,helyzet,be
1759,idézi,idéz,i
1760,kiadásában,kiadás,ában
1761,fogadta,fogad,ta
1762,Péterrel,Péter,rel
1763,újraindult,újraindul,t
1764,esztendőben,esztendő,ben
1765,nyitott,nyit,ott
1766,hegyei,hegy,ei
1767,manipuláltságát,manipuláltság,át
1768,hótakarót,hótakaró,t
1769,szünetet,szünet,et
1770,küldi,küld,i
1771,vitatta,vitat,ta
1772,Micurinak,Micuri,nak
1773,bizalmasát,bizalmas,át
1774,díszítettek,díszít,ettek
1775,célkitűzéseinek,célkitűzés,einek
1776,kommentálta,kommentál,ta
1777,hatályba,hatály,ba
1778,Rt.-vel,Rt.,-vel
1779,Cherokeet,Cherokee,t
1780,programjában,program,jában
1781,zeneszerzőzseniket,zeneszerzőzseni,ket
1782,pedagógusként,pedagógus,ként
1783,üzeneteit,üzenet,eit
1784,készpénzben,készpénz,ben
1785,akcióra,akció,ra
1786,úttorlaszokat,úttorlasz,okat
1787,lánya,lány,a
1788,térdükig,térd,ükig
1789,önről,ön,ről
1790,rendűek,rendű,ek
1791,mással,más,sal
1792,felvonása,felvonás,a
1793,tehetett,tehet,ett
1794,Párizsban,Párizs,ban
1795,láthatják,lát,hatják
1796,kapcsolatait,kapcsolat,ait
1797,részvényeit,részvény,eit
1798,Kamaraszínházban,Kamaraszínház,ban
1799,drogfogyasztók,drogfogyasztó,k
1800,betűk,betű,k
1801,eszközöket,eszköz,öket
1802,hiánya,hiány,a
1803,újraöntésével,újraöntés,ével
1804,darabokban,darab,okban
1805,állnak,áll,nak
1806,országokat,ország,okat
1807,növekedésével,növekedés,ével
1808,járatai,járat,ai
1809,amilyenben,amilyen,ben
1810,térnek,tér,nek
1811,kiszámíthatóságon,kiszámíthatóság,on
1812,pénzt,pénz,t
1813,testületében,testület,ében
1814,viszonyt,viszony,t
1815,alkotása,alkotás,a
1816,társa,társ,a
1817,ellentétben,ellentét,ben
1818,elvárásai,elvárás,ai
1819,jövőre,jövő,re
1820,hivatallal,hivatal,lal
1821,nyomot,nyom,ot
1822,igazgatóságát,igazgatóság,át
1823,jelentőségének,jelentőség,ének
1824,körének,kör,ének
1825,délnyugatra,délnyugat,ra
1826,kormány-előterjesztéssé,kormány-előterjesztés,sé
1827,énekei,ének,ei
1828,nyugdíjba,nyugdíj,ba
1829,szervezetnek,szervezet,nek
1830,baritonrepertoárt,baritonrepertoár,t
1831,semmitmondásra,semmitmondás,ra
1832,szakembereket,szakember,eket
1833,ezeket,ez,eket
1834,gnosztikusok,gnosztikus,ok
1835,Belgrádba,Belgrád,ba
1836,kijelentette,kijelent,ette
1837,tapasztalatok,tapasztalat,ok
1838,nyilvánosságban,nyilvánosság,ban
1839,érte,ér,te
1840,kimenekítését,kimenekítés,ét
1841,bűncselekmények,bűncselekmény,ek
1842,felhúzása,felhúzás,a
1843,indítottak,indít,ottak
1844,elcsigázottan,elcsigázott,an
1845,címmel,cím,mel
1846,sajtónak,sajtó,nak
1847,szervezése,szervezés,e
1848,államra,állam,ra
1849,kantonra,kanton,ra
1850,negyedszázaddal,negyedszázad,dal
1851,adott,ad,ott
1852,károkról,kár,okról
1853,Giovannira,Giovanni,ra
1854,részét,rész,ét
1855,küzdenek,küzd,enek
1856,műfajában,műfaj,ában
1857,díjazottak,díjazott,ak
1858,műveivel,mű,veivel
1859,semmit,semmi,t
1860,finoman,finom,an
1861,azzal,az,zal
1862,államok,állam,ok
1863,országnak,ország,nak
1864,énekelhessenek,énekel,hessenek
1865,négyzetét,négyzet,ét
1866,hólánccal,hólánc,cal
1867,elpusztítását,elpusztítás,át
1868,családjával,család,jával
1869,kancellárjának,kancellár,jának
1870,vesztette,veszt,ette
1871,eleme,elem,e
1872,láthatatlannak,láthatatlan,nak
1873,bírálói,bíráló,i
1874,akadályoztatásától,akadályoztatás,ától
1875,építészt,építész,t
1876,Tudjmant,Tudjman,t
1877,licence,licenc,e
1878,nyomdokain,nyomdok,ain
1879,gazdaságban,gazdaság,ban
1880,rendőrséget,rendőrség,et
1881,menekültek,menekült,ek
1882,házától,ház,ától
1883,ügyekben,ügy,ekben
1884,lépést,lépés,t
1885,dátumáról,dátum,áról
1886,parlamenttel,parlament,tel
1887,árnyékgazdaságnak,árnyékgazdaság,nak
1888,taksálják,taksál,ják
1889,dátumról,dátum,ról
1890,Államokban,Államok,ban
1891,életerőnk,életerő,nk
1892,privatizációjában,privatizáció,jában
1893,albánokkal,albán,okkal
1894,őrizd,őriz,d
1895,SPD-t,SPD,-t
1896,fegyverek,fegyver,ek
1897,súlyhatárát,súlyhatár,át
1898,utasaikat,utas,aikat
1899,egyben,egy,ben
1900,osztani,oszt,ani
1901,állították,állít,ották
1902,emlékműként,emlékmű,ként
1903,külügyminiszterrel,külügyminiszter,rel
1904,küzdöttek,küzd,öttek
1905,értékekre,érték,ekre
1906,fertőzöttek,fertőzött,ek
1907,mertek,mer,tek
1908,hozzon,hoz,zon
1909,gondolok,gondol,ok
1910,amelyekben,amely,ekben
1911,szorosabb,szoros,abb
1912,évben,év,ben
1913,láthatóvá,látható,vá
1914,cenzúrázza,cenzúráz,za
1915,ilyenek,ilyen,ek
1916,korrektségen,korrektség,en
1917,birtokában,birtok,ában
1918,fórumra,fórum,ra
1919,képeztek,képez,tek
1920,színpadra,színpad,ra
1921,jelentésüket,jelentés,üket
1922,csűrés-csavarásra,csűrés-csavarás,ra
1923,Berlinben,Berlin,ben
1924,élvezik,élvez,ik
1925,könyörögnek,könyörög,nek
1926,jegyzékben,jegyzék,ben
1927,tisztázni,tisztáz,ni
1928,közöttieket,közötti,eket
1929,árfolyamváltozások,árfolyamváltozás,ok
1930,időszakban,időszak,ban
1931,világa,világ,a
1932,megszervezése,megszervezés,e
1933,időlegesen,időleges,en
1934,hatálybalépéstől,hatálybalépés,től
1935,választókat,választó,kat
1936,lépcsőjéről,lépcső,jéről
1937,hivatalnokok,hivatalnok,ok
1938,hitelekre,hitel,ekre
1939,apósomat,após,omat
1940,megbízhatósággal,megbízhatóság,gal
1941,Oroszországban,Oroszország,ban
1942,agresszióra,agresszió,ra
1943,tartotta,tart,otta
1944,közlekedésének,közlekedés,ének
1945,melyről,mely,ről
1946,lépett,lép,ett
1947,személygépkocsik,személygépkocsi,k
1948,összeget,összeg,et
1949,szerephez,szerep,hez
1950,kívánságukat,kívánság,ukat
1951,indulatok,indulat,ok
1952,Lipótmezőn,Lipótmező,n
1953,helyileg,helyi,leg
1954,alakította,alakít,otta
1955,járt,jár,t
1956,lakóitól,lakó,itól
1957,szemében,szem,ében
1958,Színházhoz,Színház,hoz
1959,szeretője,szerető,je
1960,népszerűségéből,népszerűség,éből
1961,egyikének,egyik,ének
1962,anyagok,anyag,ok
1963,munkaadóknak,munkaadó,knak
1964,tanítványa,tanítvány,a
1965,építését,építés,ét
1966,hiszem,hisz,em
1967,rendszerhez,rendszer,hez
1968,Babiucról,Babiuc,ról
1969,segélyt,segély,t
1970,Kolozsvárhoz,Kolozsvár,hoz
1971,évekig,év,ekig
1972,autóval,autó,val
1973,befolyásolhatja,befolyásolhat,ja
1974,kézzel,kéz,zel
1975,képességeiket,képesség,eiket
1976,vehetnek,vehet,nek
1977,Jaguárról,Jaguár,ról
1978,támogatásra,támogatás,ra
1979,szervek,szerv,ek
1980,visszajuttatását,visszajuttatás,át
1981,ilyeneket,ilyen,eket
1982,intézkedést,intézkedés,t
1983,kötelességük,kötelesség,ük
1984,tagok,tag,ok
1985,határozott,határoz,ott
1986,kellene,kell,ene
1987,embereit,ember,eit
1988,csoportnak,csoport,nak
1989,hamarabb,hamar,abb
1990,amelynek,amely,nek
1991,alapítványnak,alapítvány,nak
1992,aránya,arány,a
1993,EU-n,EU,-n
1994,kandallók,kandalló,k
1995,fórumon,fórum,on
1996,apadt,apad,t
1997,Tietmeyerrel,Tietmeyer,rel
1998,szerepeltetése,szerepeltetés,e
1999,műveket,mű,veket
